Experiment,Type,Model,MCC_all,MCC_mrmr,ΔMCC,Macro-F1_all,Macro-F1_mrmr,ΔMacro-F1,AUROC_all,AUROC_mrmr,ΔAUROC
1,within-dataset,RF,0.9977542849594369,0.9937458576947298,-0.004008427264707071,0.8609745147773801,0.7910262846186477,-0.06994823015873242,0.9835715175409627,0.9638170295465409,-0.01975448799442181
1,within-dataset,XGB,0.9928408613393767,0.7092383311143655,-0.28360253022501114,0.7350037589914958,0.22923742382361997,-0.5057663351678758,0.9956535654240571,0.611118359275547,-0.3845352061485101
2,cross-dataset,RF,0.04273001380614352,0.023607111340521323,-0.019122902465622194,0.2354755675576948,0.13823181114978206,-0.09724375640791275,0.7914082457933003,0.8194225258532617,0.028014280059961427
2,cross-dataset,XGB,0.03129702771784224,0.17816512560809394,0.1468680978902517,0.13554374539091724,0.237414811316564,0.10187106592564676,0.938277362240082,0.8761016264251091,-0.06217573581497282
3,within-dataset,RF,0.9840728214353074,0.983409100864507,-0.0006637205708004412,0.9272672546088062,0.9239294393742171,-0.003337815234589092,0.9993257332034273,0.9889104472908956,-0.010415285912531713
3,within-dataset,XGB,0.9832193173660863,0.9734705475498718,-0.00974876981621442,0.7829924415845488,0.7262874831103183,-0.056704958474230516,0.9979214287956075,0.9906746176367626,-0.007246811158844957
4,cross-dataset,RF,0.13183441053979988,0.0766680964864614,-0.05516631405333848,0.17737807990230905,0.12944012355678197,-0.04793795634552708,0.7132877837520013,0.5247586392754057,-0.18852914447659563
4,cross-dataset,XGB,-0.10835172857075263,0.11675127832478234,0.22510300689553497,0.10569463947586621,0.14739291103705496,0.04169827156118874,0.5083618588250634,0.7719852551537095,0.2636233963286462
